model,backend,framework,quant,device,metric,value,std,note
qwen3.5-0.8b,cpu,llama.cpp,Q4_0 @head,galaxy_s23,prefill_tps,291.4,5.8,
qwen3.5-0.8b,cpu,llama.cpp,Q4_0 @head,galaxy_s23,prefill_uj,,,
qwen3.5-0.8b,cpu,llama.cpp,Q4_0 @head,galaxy_s23,decode_tps,43.25,0.87,
qwen3.5-0.8b,cpu,llama.cpp,Q4_0 @head,galaxy_s23,decode_uj,,,
qwen3.5-0.8b,cpu,llama.cpp,Q8_0 @head,galaxy_s23,prefill_tps,261.71,3.53,
qwen3.5-0.8b,cpu,llama.cpp,Q8_0 @head,galaxy_s23,prefill_uj,,,
qwen3.5-0.8b,cpu,llama.cpp,Q8_0 @head,galaxy_s23,decode_tps,41.33,0.35,
qwen3.5-0.8b,cpu,llama.cpp,Q8_0 @head,galaxy_s23,decode_uj,,,
qwen3.5-0.8b,cpu,llama.cpp,F16 @head,galaxy_s23,prefill_tps,26.62,0.31,
qwen3.5-0.8b,cpu,llama.cpp,F16 @head,galaxy_s23,prefill_uj,,,
qwen3.5-0.8b,cpu,llama.cpp,F16 @head,galaxy_s23,decode_tps,13.51,0.22,
qwen3.5-0.8b,cpu,llama.cpp,F16 @head,galaxy_s23,decode_uj,,,
qwen3.5-0.8b,cpu,mnn,Q4 @head,galaxy_s23,prefill_tps,271.63,9.32,
qwen3.5-0.8b,cpu,mnn,Q4 @head,galaxy_s23,prefill_uj,,,
qwen3.5-0.8b,cpu,mnn,Q4 @head,galaxy_s23,decode_tps,74.86,0.36,
qwen3.5-0.8b,cpu,mnn,Q4 @head,galaxy_s23,decode_uj,,,
qwen3.5-0.8b,cpu,mnn,Q8 @head,galaxy_s23,prefill_tps,274.55,8.6,
qwen3.5-0.8b,cpu,mnn,Q8 @head,galaxy_s23,prefill_uj,,,
qwen3.5-0.8b,cpu,mnn,Q8 @head,galaxy_s23,decode_tps,47.69,0.26,
qwen3.5-0.8b,cpu,mnn,Q8 @head,galaxy_s23,decode_uj,,,
qwen3.5-0.8b,cpu,mnn,F16 @head,galaxy_s23,prefill_tps,215.92,5.05,
qwen3.5-0.8b,cpu,mnn,F16 @head,galaxy_s23,prefill_uj,,,
qwen3.5-0.8b,cpu,mnn,F16 @head,galaxy_s23,decode_tps,21.32,1.85,
qwen3.5-0.8b,cpu,mnn,F16 @head,galaxy_s23,decode_uj,,,
qwen3.5-0.8b,gpu,llama.cpp,Q4_0 @head,galaxy_s23,prefill_tps,155.34,2.0,
qwen3.5-0.8b,gpu,llama.cpp,Q4_0 @head,galaxy_s23,prefill_uj,,,
qwen3.5-0.8b,gpu,llama.cpp,Q4_0 @head,galaxy_s23,decode_tps,12.94,0.09,
qwen3.5-0.8b,gpu,llama.cpp,Q4_0 @head,galaxy_s23,decode_uj,,,
qwen3.5-0.8b,gpu,llama.cpp,Q8_0 @head,galaxy_s23,prefill_tps,162.99,1.77,
qwen3.5-0.8b,gpu,llama.cpp,Q8_0 @head,galaxy_s23,prefill_uj,,,
qwen3.5-0.8b,gpu,llama.cpp,Q8_0 @head,galaxy_s23,decode_tps,14.63,0.06,
qwen3.5-0.8b,gpu,llama.cpp,Q8_0 @head,galaxy_s23,decode_uj,,,
qwen3.5-0.8b,gpu,llama.cpp,F16 @head,galaxy_s23,prefill_tps,160.74,1.48,
qwen3.5-0.8b,gpu,llama.cpp,F16 @head,galaxy_s23,prefill_uj,,,
qwen3.5-0.8b,gpu,llama.cpp,F16 @head,galaxy_s23,decode_tps,11.5,0.02,
qwen3.5-0.8b,gpu,llama.cpp,F16 @head,galaxy_s23,decode_uj,,,
qwen3.5-0.8b,gpu,mnn,Q4 @head,galaxy_s23,prefill_tps,456.87,5.77,
qwen3.5-0.8b,gpu,mnn,Q4 @head,galaxy_s23,prefill_uj,,,
qwen3.5-0.8b,gpu,mnn,Q4 @head,galaxy_s23,decode_tps,50.36,0.1,
qwen3.5-0.8b,gpu,mnn,Q4 @head,galaxy_s23,decode_uj,,,
qwen3.5-0.8b,gpu,mnn,Q8 @head,galaxy_s23,prefill_tps,379.23,5.87,
qwen3.5-0.8b,gpu,mnn,Q8 @head,galaxy_s23,prefill_uj,,,
qwen3.5-0.8b,gpu,mnn,Q8 @head,galaxy_s23,decode_tps,37.67,0.12,
qwen3.5-0.8b,gpu,mnn,Q8 @head,galaxy_s23,decode_uj,,,
qwen3.5-0.8b,gpu,mnn,F16 @head,galaxy_s23,prefill_tps,,,failed
qwen3.5-0.8b,gpu,mnn,F16 @head,galaxy_s23,prefill_uj,,,failed
qwen3.5-0.8b,gpu,mnn,F16 @head,galaxy_s23,decode_tps,,,failed
qwen3.5-0.8b,gpu,mnn,F16 @head,galaxy_s23,decode_uj,,,failed
qwen3.5-2b,cpu,llama.cpp,Q4_0 @head,galaxy_s23,prefill_tps,133.0,1.2,
qwen3.5-2b,cpu,llama.cpp,Q4_0 @head,galaxy_s23,prefill_uj,,,
qwen3.5-2b,cpu,llama.cpp,Q4_0 @head,galaxy_s23,decode_tps,20.97,0.34,
qwen3.5-2b,cpu,llama.cpp,Q4_0 @head,galaxy_s23,decode_uj,,,
qwen3.5-2b,cpu,llama.cpp,Q8_0 @head,galaxy_s23,prefill_tps,120.0,0.94,
qwen3.5-2b,cpu,llama.cpp,Q8_0 @head,galaxy_s23,prefill_uj,,,
qwen3.5-2b,cpu,llama.cpp,Q8_0 @head,galaxy_s23,decode_tps,19.77,0.2,
qwen3.5-2b,cpu,llama.cpp,Q8_0 @head,galaxy_s23,decode_uj,,,
qwen3.5-2b,cpu,llama.cpp,F16 @head,galaxy_s23,prefill_tps,9.35,0.08,
qwen3.5-2b,cpu,llama.cpp,F16 @head,galaxy_s23,prefill_uj,,,
qwen3.5-2b,cpu,llama.cpp,F16 @head,galaxy_s23,decode_tps,5.26,0.3,
qwen3.5-2b,cpu,llama.cpp,F16 @head,galaxy_s23,decode_uj,,,
qwen3.5-2b,cpu,mnn,Q4 @head,galaxy_s23,prefill_tps,134.45,3.46,
qwen3.5-2b,cpu,mnn,Q4 @head,galaxy_s23,prefill_uj,47138.6,,
qwen3.5-2b,cpu,mnn,Q4 @head,galaxy_s23,decode_tps,34.25,0.61,
qwen3.5-2b,cpu,mnn,Q4 @head,galaxy_s23,decode_uj,294356.3,,
qwen3.5-2b,cpu,mnn,Q8 @head,galaxy_s23,prefill_tps,128.1,1.63,
qwen3.5-2b,cpu,mnn,Q8 @head,galaxy_s23,prefill_uj,49594.9,,
qwen3.5-2b,cpu,mnn,Q8 @head,galaxy_s23,decode_tps,20.91,0.07,
qwen3.5-2b,cpu,mnn,Q8 @head,galaxy_s23,decode_uj,415981.7,,
qwen3.5-2b,cpu,mnn,F16 @head,galaxy_s23,prefill_tps,,,failed
qwen3.5-2b,cpu,mnn,F16 @head,galaxy_s23,prefill_uj,,,failed
qwen3.5-2b,cpu,mnn,F16 @head,galaxy_s23,decode_tps,,,failed
qwen3.5-2b,cpu,mnn,F16 @head,galaxy_s23,decode_uj,,,failed
qwen3.5-2b,gpu,llama.cpp,Q4_0 @head,galaxy_s23,prefill_tps,108.28,1.25,
qwen3.5-2b,gpu,llama.cpp,Q4_0 @head,galaxy_s23,prefill_uj,,,
qwen3.5-2b,gpu,llama.cpp,Q4_0 @head,galaxy_s23,decode_tps,11.32,0.11,
qwen3.5-2b,gpu,llama.cpp,Q4_0 @head,galaxy_s23,decode_uj,,,
qwen3.5-2b,gpu,llama.cpp,Q8_0 @head,galaxy_s23,prefill_tps,113.03,0.58,
qwen3.5-2b,gpu,llama.cpp,Q8_0 @head,galaxy_s23,prefill_uj,,,
qwen3.5-2b,gpu,llama.cpp,Q8_0 @head,galaxy_s23,decode_tps,11.35,0.02,
qwen3.5-2b,gpu,llama.cpp,Q8_0 @head,galaxy_s23,decode_uj,,,
qwen3.5-2b,gpu,llama.cpp,F16 @head,galaxy_s23,prefill_tps,,,failed
qwen3.5-2b,gpu,llama.cpp,F16 @head,galaxy_s23,prefill_uj,,,failed
qwen3.5-2b,gpu,llama.cpp,F16 @head,galaxy_s23,decode_tps,,,failed
qwen3.5-2b,gpu,llama.cpp,F16 @head,galaxy_s23,decode_uj,,,failed
qwen3.5-2b,gpu,mnn,Q4 @head,galaxy_s23,prefill_tps,251.93,2.6,
qwen3.5-2b,gpu,mnn,Q4 @head,galaxy_s23,prefill_uj,15384.4,,
qwen3.5-2b,gpu,mnn,Q4 @head,galaxy_s23,decode_tps,30.27,0.05,
qwen3.5-2b,gpu,mnn,Q4 @head,galaxy_s23,decode_uj,211131.8,,
qwen3.5-2b,gpu,mnn,Q8 @head,galaxy_s23,prefill_tps,203.09,3.87,
qwen3.5-2b,gpu,mnn,Q8 @head,galaxy_s23,prefill_uj,22682.1,,
qwen3.5-2b,gpu,mnn,Q8 @head,galaxy_s23,decode_tps,20.14,0.02,
qwen3.5-2b,gpu,mnn,Q8 @head,galaxy_s23,decode_uj,369166.4,,
qwen3.5-2b,gpu,mnn,F16 @head,galaxy_s23,prefill_tps,,,failed
qwen3.5-2b,gpu,mnn,F16 @head,galaxy_s23,prefill_uj,,,failed
qwen3.5-2b,gpu,mnn,F16 @head,galaxy_s23,decode_tps,,,failed
qwen3.5-2b,gpu,mnn,F16 @head,galaxy_s23,decode_uj,,,failed
qwen3.5-4b,cpu,llama.cpp,Q4_0 @head,galaxy_s23,prefill_tps,50.75,1.52,
qwen3.5-4b,cpu,llama.cpp,Q4_0 @head,galaxy_s23,prefill_uj,123507.8,,
qwen3.5-4b,cpu,llama.cpp,Q4_0 @head,galaxy_s23,decode_tps,10.0,0.19,
qwen3.5-4b,cpu,llama.cpp,Q4_0 @head,galaxy_s23,decode_uj,758412.2,,
qwen3.5-4b,cpu,llama.cpp,Q8_0 @head,galaxy_s23,prefill_tps,,,failed
qwen3.5-4b,cpu,llama.cpp,Q8_0 @head,galaxy_s23,prefill_uj,,,failed
qwen3.5-4b,cpu,llama.cpp,Q8_0 @head,galaxy_s23,decode_tps,,,failed
qwen3.5-4b,cpu,llama.cpp,Q8_0 @head,galaxy_s23,decode_uj,,,failed
qwen3.5-4b,cpu,llama.cpp,F16 @head,galaxy_s23,prefill_tps,,,failed
qwen3.5-4b,cpu,llama.cpp,F16 @head,galaxy_s23,prefill_uj,,,failed
qwen3.5-4b,cpu,llama.cpp,F16 @head,galaxy_s23,decode_tps,,,failed
qwen3.5-4b,cpu,llama.cpp,F16 @head,galaxy_s23,decode_uj,,,failed
qwen3.5-4b,cpu,mnn,F16 @head,galaxy_s23,prefill_tps,,,failed
qwen3.5-4b,cpu,mnn,F16 @head,galaxy_s23,prefill_uj,,,failed
qwen3.5-4b,cpu,mnn,F16 @head,galaxy_s23,decode_tps,,,failed
qwen3.5-4b,cpu,mnn,F16 @head,galaxy_s23,decode_uj,,,failed
qwen3.5-4b,gpu,llama.cpp,Q4_0 @head,galaxy_s23,prefill_tps,47.48,0.35,
qwen3.5-4b,gpu,llama.cpp,Q4_0 @head,galaxy_s23,prefill_uj,85406.5,,
qwen3.5-4b,gpu,llama.cpp,Q4_0 @head,galaxy_s23,decode_tps,6.45,0.02,
qwen3.5-4b,gpu,llama.cpp,Q4_0 @head,galaxy_s23,decode_uj,740813.4,,
qwen3.5-4b,gpu,llama.cpp,Q8_0 @head,galaxy_s23,prefill_tps,,,failed
qwen3.5-4b,gpu,llama.cpp,Q8_0 @head,galaxy_s23,prefill_uj,,,failed
qwen3.5-4b,gpu,llama.cpp,Q8_0 @head,galaxy_s23,decode_tps,,,failed
qwen3.5-4b,gpu,llama.cpp,Q8_0 @head,galaxy_s23,decode_uj,,,failed
qwen3.5-4b,gpu,llama.cpp,F16 @head,galaxy_s23,prefill_tps,,,failed
qwen3.5-4b,gpu,llama.cpp,F16 @head,galaxy_s23,prefill_uj,,,failed
qwen3.5-4b,gpu,llama.cpp,F16 @head,galaxy_s23,decode_tps,,,failed
qwen3.5-4b,gpu,llama.cpp,F16 @head,galaxy_s23,decode_uj,,,failed
qwen3.5-4b,gpu,mnn,F16 @head,galaxy_s23,prefill_tps,,,failed
qwen3.5-4b,gpu,mnn,F16 @head,galaxy_s23,prefill_uj,,,failed
qwen3.5-4b,gpu,mnn,F16 @head,galaxy_s23,decode_tps,,,failed
qwen3.5-4b,gpu,mnn,F16 @head,galaxy_s23,decode_uj,,,failed
